{
  "atlanta university center": [-84.40972702839302, 33.74716308632026],
  "hunter hills": [-84.43222607199728, 33.75613077806149],
  "historic westin heights/bankhead": [-84.42906277300621, 33.76953787817499],
  "english avenue": [-84.40691913945254, 33.77104727931768],
  "adair park": [-84.41145593470988, 33.73390053501794],
  "mechanicsville": [-84.39908247864096, 33.73959413324345],
  "capitol gateway": [-84.38395537436847, 33.74606343599134],
  "grant park": [-84.36997403504341, 33.73642920335096],
  "hammond park": [-84.41006528830377, 33.67695004088676],
  "capitol view": [-84.41670008366562, 33.71901103882807],
  "high point": [-84.39599440659866, 33.71765108513272],
  "joyland": [-84.39857210183406, 33.71185474744678],
  "betmar lavilla": [-84.3970732654291, 33.707212997120585],
  "the villages at carver": [-84.39102713690507, 33.71386636440996],
  "fort mcpherson": [-84.43469700569548, 33.70673346039288],
  "venetian hills": [-84.44516586322939, 33.7147201213704],
  "pomona park": [-84.45046602002711, 33.70543325199984],
  "fort valley": [-84.45134419970832, 33.700000939042994],
  "laurens valley": [-84.47877614146297, 33.70996981033359],
  "heritage valley": [-84.50211843834397, 33.704529446161196],
  "ben hill acres": [-84.50815217242005, 33.6938309977163],
  "rue royal": [-84.5054462939597, 33.68632030338507],
  "ben hill pines": [-84.50854127946363, 33.68333510015574],
  "ben hill forest": [-84.50291521366655, 33.67693711458955],
  "deerwood": [-84.51113257955011, 33.67556919810126],
  "wildwood forest": [-84.53788877039045, 33.68235196470816],
  "fairway acres": [-84.53783660193511, 33.68619273478811],
  "greenbriar village": [-84.54127631624131, 33.70381725881943],
  "niskey lake": [-84.53179562005774, 33.71362043349763],
  "kings forest": [-84.51114517420481, 33.69877268599269],
  "whittier mill village": [-84.48222694738041, 33.814419461979504],
  "hills park": [-84.4385089080268, 33.80222058003295],
  "bolton hills": [-84.48472306062219, 33.80089207283579],
  "carver hills": [-84.46300830818537, 33.799081468013604],
  "almond park": [-84.46445224672874, 33.78747276065377],
  "browns mill park": [-84.38284611034193, 33.686578189111295],
  "swallow circle/baywood": [-84.38716916130757, 33.69430329337962],
  "polar rock": [-84.39550706043597, 33.6924589779234],
  "sylvan hills": [-84.41884979980173, 33.70331958919527],
  "capitol view manor": [-84.4016635946755, 33.71703595640839],
  "amal heights": [-84.39772032378237, 33.70823984997596],
  "west lake": [-84.44410889792981, 33.7607072117311],
  "lakewood heights": [-84.38304464335698, 33.70395406085652],
  "south atlanta": [-84.38557727053045, 33.71637816214399],
  "peachtree heights east": [-84.38375870123275, 33.824853915231884],
  "mt. gilead woods": [-84.5035486454087, 33.70009059771571],
  "meadowbrook forest": [-84.50312596575048, 33.69342499586088],
  "niskey cove": [-84.52883298245301, 33.709017312830554],
  "oakcliff": [-84.49870531058022, 33.76309270412904],
  "just us": [-84.4246589746283, 33.75234571031656],
  "bush mountain": [-84.43226054277935, 33.727984972232555],
  "briar glen": [-84.50344616762453, 33.697273741209166],
  "fairburn": [-84.52350217123556, 33.6923502597482],
  "ben hill terrace": [-84.52144096374597, 33.69740236917816],
  "brandon": [-84.4154202767784, 33.82858845093091],
  "poncey-highland": [-84.35743422039765, 33.768464258224974],
  "inman park": [-84.35828549219652, 33.76083693650724],
  "candler park": [-84.33920230225796, 33.76534908723085],
  "edgewood": [-84.33860545217891, 33.75531028845503],
  "custer/mcdonough/guice": [-84.35459762441559, 33.71358328161759],
  "thomasville heights": [-84.35480988899816, 33.70355807125514],
  "norwood manor": [-84.36215954901006, 33.697229252730445],
  "south river gardens": [-84.36253843665732, 33.66217379477869],
  "blair villa/poole creek": [-84.38387065505265, 33.654897242071314],
  "rosedale heights": [-84.37571475920146, 33.679491443563215],
  "lakewood": [-84.37328333485466, 33.69474079707469],
  "ridgedale park": [-84.35292309322605, 33.85323541753533],
  "lindbergh/morosgo": [-84.36663294423468, 33.82207495867194],
  "south tuxedo park": [-84.38681965875334, 33.846405630957854],
  "buckhead village": [-84.37461333012996, 33.840301959909205],
  "lindridge/martin manor": [-84.35701846063434, 33.8162712725235],
  "atkins park": [-84.34989313049591, 33.775771439516205],
  "piedmont heights": [-84.37051480023533, 33.80746810434815],
  "whitewater creek": [-84.43883168064623, 33.87654132500295],
  "west paces ferry/northside": [-84.41872421756626, 33.845440207472635],
  "pleasant hill": [-84.43588565252122, 33.85364465761028],
  "ridgewood heights": [-84.44558104671229, 33.82663855367143],
  "fernleaf": [-84.43970545161532, 33.819846184189224],
  "westminster/milmar": [-84.42440414160208, 33.837439035563406],
  "arden/habersham": [-84.3997968822574, 33.83825916131209],
  "woodfield": [-84.41031367586855, 33.82179356227402],
  "springlake": [-84.4122385343774, 33.81304190609836],
  "channing valley": [-84.41082372966908, 33.807487377680914],
  "collier hills": [-84.40312540138304, 33.809051009398985],
  "colonial homes": [-84.39579353485166, 33.81395574251372],
  "cabbagetown": [-84.36714455954312, 33.750680806718734],
  "reynoldstown": [-84.35505498785494, 33.75108106810479],
  "ormewood park": [-84.35688021495571, 33.73458173507137],
  "woodland hills": [-84.35191564648734, 33.720377106414944],
  "benteen park": [-84.36315387524812, 33.716223624986505],
  "boulevard heights": [-84.36304058262539, 33.723967991911756],
  "rebel valley forest": [-84.35584328252041, 33.68604992323371],
  "leila valley": [-84.35779464305973, 33.68880827869599],
  "cascade avenue/road": [-84.45237238441361, 33.72712360180118],
  "oakland city": [-84.42476991422909, 33.72493744881311],
  "southwest": [-84.48552892211066, 33.71060396205041],
  "adams park": [-84.46393382808557, 33.71409588401432],
  "mellwood": [-84.50769892071968, 33.68694475082375],
  "tampa park": [-84.50777593400353, 33.67901695553432],
  "brentwood": [-84.50529840041497, 33.67455496629573],
  "lake estates": [-84.5333681121234, 33.676535253821235],
  "butner/tell": [-84.53248908144177, 33.68425672286364],
  "elmco estates": [-84.53183407471687, 33.691467262610296],
  "sandlewood estates": [-84.54268924997301, 33.70237907981251],
  "ashley courts": [-84.52310189169965, 33.71851417546577],
  "ben hill": [-84.52181990870055, 33.66828738929325],
  "berkeley park": [-84.41298530225825, 33.79536426970301],
  "underwood hills": [-84.42788412505514, 33.81044737543395],
  "riverside": [-84.47736999444683, 33.81608247849936],
  "bolton": [-84.45789275537504, 33.82186352319222],
  "blandtown": [-84.42047419099734, 33.79187541517308],
  "lincoln homes": [-84.47950843270061, 33.79927854607485],
  "scotts crossing": [-84.46905183706689, 33.79929137881045],
  "west highlands": [-84.45957159263409, 33.79447386763096],
  "rockdale": [-84.44486278579849, 33.78419608357244],
  "monroe heights": [-84.48157758534562, 33.79373121727207],
  "brookview heights": [-84.4830290603527, 33.78688696403761],
  "center hill": [-84.46567510527488, 33.772699760795],
  "bankhead courts": [-84.50094393522446, 33.79390646851212],
  "wisteria gardens": [-84.51090353130796, 33.75586742767493],
  "baker hills": [-84.51770140223748, 33.758425673553944],
  "wilson mill meadows": [-84.52090381474626, 33.75135812253398],
  "orchard knob": [-84.37694356980028, 33.67104511699993],
  "lenox": [-84.35904188567454, 33.84883345855101],
  "peachtree park": [-84.36575273892785, 33.84109539761129],
  "buckhead forest": [-84.37843828186833, 33.84588701929738],
  "peachtree heights west": [-84.39217951457302, 33.833133784964474],
  "garden hills": [-84.37531056515536, 33.828117864668876],
  "peachtree hills": [-84.3830007049528, 33.816714604946924],
  "randall mill": [-84.42439327132496, 33.85542623936027],
  "kingswood": [-84.41428149617084, 33.856963853391555],